{"cameraMode":{"drawMode":0,"name":"Shaded","section":"Shading Mode"},"sceneLighting":true,"audioPlay":false,"sceneViewState":{"showFog":false,"showMaterialUpdate":false,"showSkybox":false,"showFlares":false,"showImageEffects":false,"showParticleSystems":false},"in2DMode":false,"pivot":{"x":-0.5085552930831909,"y":-0.08314237743616104,"z":0.6199012398719788},"rotation":{"x":-0.08708993345499039,"y":0.7284636497497559,"z":-0.6729550957679749,"w":-0.09427383542060852},"size":8.98999309539795,"orthographic":false}